{
  "created_at": "2026-07-23T14:35:29",
  "session_id": "20260723_143421_263024",
  "attempt": 1,
  "die_number": 1,
  "feedback_type": "user_flagged_misclassification",
  "true_value": 2,
  "displayed_value": 1,
  "accepted_before_review": false,
  "combined_confidence": 0.6711485385894775,
  "model55": {
    "path": "models\\d8_center55\\d8_mobilenet_v3_small.pt",
    "crop_fraction": 0.55,
    "value": 1,
    "confidence": 0.4593780293482294,
    "vote_fraction": 0.8888888888888888,
    "probabilities": [
      0.4593780293482294,
      0.10674544348784168,
      0.08076049098953307,
      0.1174308734509221,
      0.023282430048816,
      0.09511128550360917,
      0.1149491594875058,
      0.0023422959939533475
    ]
  },
  "model60": {
    "path": "models\\d8_center60\\d8_mobilenet_v3_small.pt",
    "crop_fraction": 0.6,
    "value": 1,
    "confidence": 0.8829190513088334,
    "vote_fraction": 1.0,
    "probabilities": [
      0.8829190513088334,
      0.018807299264750162,
      0.009090152742290629,
      0.04046069051761632,
      0.0015577480450043924,
      0.030481227319197245,
      0.01625478584972443,
      0.0004290699226213756
    ]
  }
}