{
  "created_at": "2026-07-23T14:40:52",
  "session_id": "20260723_143955_216480",
  "attempt": 1,
  "die_number": 1,
  "feedback_type": "user_confirmed_low_confidence_correct",
  "true_value": 1,
  "displayed_value": 1,
  "accepted_before_review": false,
  "combined_confidence": 0.7456173896789551,
  "model55": {
    "path": "models\\d8_center55\\d8_mobilenet_v3_small.pt",
    "crop_fraction": 0.55,
    "value": 1,
    "confidence": 0.8547147179722185,
    "vote_fraction": 1.0,
    "probabilities": [
      0.8547147179722185,
      0.0022190195813771994,
      0.0001710943990797629,
      0.005139339645189702,
      0.00010873982934908704,
      0.0010303310656130183,
      0.13656950276862467,
      4.726506388085605e-05
    ]
  },
  "model60": {
    "path": "models\\d8_center60\\d8_mobilenet_v3_small.pt",
    "crop_fraction": 0.6,
    "value": 1,
    "confidence": 0.6365200224231665,
    "vote_fraction": 0.8888888888888888,
    "probabilities": [
      0.6365200224231665,
      0.005153157923091973,
      0.00047552423047135897,
      0.013939056548116597,
      0.0005119369922976791,
      0.0018385796878059892,
      0.34148790162610265,
      7.381225706028681e-05
    ]
  }
}