{
  "created_at": "2026-07-23T14:37:54",
  "session_id": "20260723_143649_782975",
  "attempt": 1,
  "die_number": 2,
  "feedback_type": "user_flagged_misclassification",
  "true_value": 8,
  "displayed_value": 6,
  "accepted_before_review": false,
  "combined_confidence": 0.6397463083267212,
  "model55": {
    "path": "models\\d8_center55\\d8_mobilenet_v3_small.pt",
    "crop_fraction": 0.55,
    "value": 8,
    "confidence": 0.6016246397289096,
    "vote_fraction": 0.8333333333333334,
    "probabilities": [
      0.0018290253251669977,
      0.007587867769790433,
      0.022038232228151385,
      0.026380289290487288,
      0.006019764702260166,
      0.334348004649228,
      0.00017218954883225314,
      0.6016246397289096
    ]
  },
  "model60": {
    "path": "models\\d8_center60\\d8_mobilenet_v3_small.pt",
    "crop_fraction": 0.6,
    "value": 6,
    "confidence": 0.9451446601517293,
    "vote_fraction": 1.0,
    "probabilities": [
      9.106871749101117e-06,
      0.0002960319534688615,
      0.003282123685780077,
      0.0008967363403926662,
      0.00033585167703712636,
      0.9451446601517293,
      8.771252720874173e-06,
      0.05002671677211136
    ]
  }
}