{
  "created_at": "2026-07-23T14:40:52",
  "session_id": "20260723_143955_216480",
  "attempt": 1,
  "die_number": 3,
  "feedback_type": "user_flagged_misclassification",
  "true_value": 8,
  "displayed_value": 6,
  "accepted_before_review": true,
  "combined_confidence": 0.8293862342834473,
  "model55": {
    "path": "models\\d8_center55\\d8_mobilenet_v3_small.pt",
    "crop_fraction": 0.55,
    "value": 6,
    "confidence": 0.769845562391142,
    "vote_fraction": 1.0,
    "probabilities": [
      0.00029732529424913057,
      0.003709170933969245,
      0.0007881154607375961,
      0.0015637713049591474,
      0.21043139521586632,
      0.769845562391142,
      0.00034540687640994525,
      0.013019269156562662
    ]
  },
  "model60": {
    "path": "models\\d8_center60\\d8_mobilenet_v3_small.pt",
    "crop_fraction": 0.6,
    "value": 6,
    "confidence": 0.8889268558768891,
    "vote_fraction": 1.0,
    "probabilities": [
      5.196271154721326e-05,
      0.00047638673115663624,
      0.001472262553500313,
      0.00024932654682380923,
      0.10012786575584566,
      0.8889268558768891,
      0.002006659731012187,
      0.006688677155001802
    ]
  }
}