{
  "created_at": "2026-07-23T14:37:54",
  "session_id": "20260723_143649_782975",
  "attempt": 1,
  "die_number": 9,
  "feedback_type": "user_confirmed_low_confidence_correct",
  "true_value": 5,
  "displayed_value": 5,
  "accepted_before_review": false,
  "combined_confidence": 0.401812344789505,
  "model55": {
    "path": "models\\d8_center55\\d8_mobilenet_v3_small.pt",
    "crop_fraction": 0.55,
    "value": 5,
    "confidence": 0.4479961528222992,
    "vote_fraction": 0.7222222222222222,
    "probabilities": [
      0.0003437191555871558,
      0.2302122262840186,
      0.05655140474761965,
      0.01463501711006339,
      0.4479961528222992,
      0.08746130591441437,
      0.002156172705172019,
      0.16064402981075504
    ]
  },
  "model60": {
    "path": "models\\d8_center60\\d8_mobilenet_v3_small.pt",
    "crop_fraction": 0.6,
    "value": 2,
    "confidence": 0.4103736953871616,
    "vote_fraction": 0.6111111111111112,
    "probabilities": [
      0.0005754277182098394,
      0.4103736953871616,
      0.049735477781353635,
      0.005160801457467767,
      0.3556285522490894,
      0.09478683757241307,
      0.01567912294832598,
      0.0680600683161078
    ]
  }
}