{
  "created_at": "2026-07-23T14:38:32",
  "session_id": "20260723_143649_782975",
  "attempt": 2,
  "die_number": 3,
  "feedback_type": "user_confirmed_low_confidence_correct",
  "true_value": 5,
  "displayed_value": 5,
  "accepted_before_review": false,
  "combined_confidence": 0.38701510429382324,
  "model55": {
    "path": "models\\d8_center55\\d8_mobilenet_v3_small.pt",
    "crop_fraction": 0.55,
    "value": 5,
    "confidence": 0.4085156442160392,
    "vote_fraction": 0.8888888888888888,
    "probabilities": [
      0.1044998342827202,
      0.1063386255667268,
      0.20490575908486275,
      0.04704766784328864,
      0.4085156442160392,
      0.08010624701939231,
      0.013881417352814639,
      0.0347047838807133
    ]
  },
  "model60": {
    "path": "models\\d8_center60\\d8_mobilenet_v3_small.pt",
    "crop_fraction": 0.6,
    "value": 5,
    "confidence": 0.3655145966367527,
    "vote_fraction": 0.6111111111111112,
    "probabilities": [
      0.016984563491825422,
      0.007363621948232829,
      0.18706062836287046,
      0.2574405119063473,
      0.3655145966367527,
      0.14254810038321516,
      0.010447775181894893,
      0.012640198084392902
    ]
  }
}