{
  "created_at": "2026-07-23T14:37:54",
  "session_id": "20260723_143649_782975",
  "attempt": 1,
  "die_number": 3,
  "feedback_type": "user_flagged_misclassification",
  "true_value": 5,
  "displayed_value": 4,
  "accepted_before_review": false,
  "combined_confidence": 0.3673589825630188,
  "model55": {
    "path": "models\\d8_center55\\d8_mobilenet_v3_small.pt",
    "crop_fraction": 0.55,
    "value": 2,
    "confidence": 0.2633954411541309,
    "vote_fraction": 0.5,
    "probabilities": [
      0.0100418549142661,
      0.2633954411541309,
      0.2506209037806474,
      0.26206169582698874,
      0.05692141525068175,
      0.0233519673078851,
      0.0029552083902687036,
      0.13065152421860637
    ]
  },
  "model60": {
    "path": "models\\d8_center60\\d8_mobilenet_v3_small.pt",
    "crop_fraction": 0.6,
    "value": 4,
    "confidence": 0.4726562955549696,
    "vote_fraction": 0.8333333333333334,
    "probabilities": [
      0.012399975530472647,
      0.1065328478372254,
      0.14514956214532604,
      0.4726562955549696,
      0.1175296627618683,
      0.12176397465455494,
      0.005829974142745998,
      0.018137712030994683
    ]
  }
}