{
  "created_at": "2026-07-23T14:35:29",
  "session_id": "20260723_143421_263024",
  "attempt": 1,
  "die_number": 2,
  "feedback_type": "user_confirmed_low_confidence_correct",
  "true_value": 6,
  "displayed_value": 6,
  "accepted_before_review": false,
  "combined_confidence": 0.7887524366378784,
  "model55": {
    "path": "models\\d8_center55\\d8_mobilenet_v3_small.pt",
    "crop_fraction": 0.55,
    "value": 6,
    "confidence": 0.6951572367638928,
    "vote_fraction": 0.8333333333333334,
    "probabilities": [
      8.955778521317495e-05,
      0.04229481753276796,
      0.23555010985328506,
      0.01490862974123673,
      0.0032870626456947254,
      0.6951572367638928,
      0.000367275094277075,
      0.008345306679165918
    ]
  },
  "model60": {
    "path": "models\\d8_center60\\d8_mobilenet_v3_small.pt",
    "crop_fraction": 0.6,
    "value": 6,
    "confidence": 0.88234761777954,
    "vote_fraction": 1.0,
    "probabilities": [
      5.402067506908903e-05,
      0.00609492007307127,
      0.09004467710074499,
      0.008920323970785033,
      0.0005949720575794437,
      0.88234761777954,
      0.000179099317629434,
      0.011764377461632811
    ]
  }
}