{
  "created_at": "2026-07-23T14:35:30",
  "session_id": "20260723_143421_263024",
  "attempt": 1,
  "die_number": 9,
  "feedback_type": "user_confirmed_low_confidence_correct",
  "true_value": 6,
  "displayed_value": 6,
  "accepted_before_review": false,
  "combined_confidence": 0.5119075775146484,
  "model55": {
    "path": "models\\d8_center55\\d8_mobilenet_v3_small.pt",
    "crop_fraction": 0.55,
    "value": 8,
    "confidence": 0.7663522326721989,
    "vote_fraction": 0.9444444444444444,
    "probabilities": [
      5.33520091557952e-05,
      0.036916512234991095,
      0.0038248336885627642,
      0.0058410972373356945,
      0.02282016312726548,
      0.16302990405928097,
      0.0011619040435010344,
      0.7663522326721989
    ]
  },
  "model60": {
    "path": "models\\d8_center60\\d8_mobilenet_v3_small.pt",
    "crop_fraction": 0.6,
    "value": 6,
    "confidence": 0.8607852707785374,
    "vote_fraction": 0.9444444444444444,
    "probabilities": [
      3.538890751099457e-05,
      0.00032808493008160773,
      0.0002913823935032014,
      0.0017928075752608951,
      0.0011976758777649129,
      0.8607852707785374,
      0.0001684699801251374,
      0.13540092039468682
    ]
  }
}